siteID,plotID,n_stems,richness_observed,taxonomic_richness_rarefied,taxonomic_alpha_hill_q1,taxonomic_hill_q2,functional_alpha_raoq,phylogenetic_alpha_mpd,taxonomic_beta_lcbd,taxonomic_beta_richdiff_lcbd,functional_beta_lcbd,phylogenetic_beta_lcbd
ABBY,ABBY_003,53,1,1,1,1,0,0,,0.024667899,0.030207373,0.049976452
ABBY,ABBY_004,23,1,1,1,1,0,0,,0.06884234,0.072748805,0.020393444
ABBY,ABBY_006,35,2,1.210967249,1.171538436,1.092082325,0.102823161,40.52706099,,0.020277209,0.062103377,0.053702707
ABBY,ABBY_008,27,1,1,1,1,0,0,,0.045535577,0.018959674,0.033554451
ABBY,ABBY_009,34,1,1,1,1,0,0,,0.028535569,0.020798186,0.049938404
ABBY,ABBY_010,63,1,1,1,1,0,0,,0.039126322,0.028099519,0.019056732
ABBY,ABBY_013,32,1,1,1,1,0,0,,0.038116057,0.036842517,0.033818125
ABBY,ABBY_016,10,1,1,1,1,0,0,,0.065170301,0.015578368,0.046134181
ABBY,ABBY_017,77,1,1,1,1,0,0,,0.058093491,0.026670238,0.03296657
ABBY,ABBY_019,57,2,1.806749266,1.373322987,1.017826587,0.485850388,142.8540524,,0.034008692,0.024684104,0.038042512
ABBY,ABBY_023,16,2,1.975325417,1.65871992,1.035896977,0.241107518,25.69511399,,0.022704702,0.026318777,0.039740747
ABBY,ABBY_025,19,1,1,1,1,0,0,,0.039324122,0.022210004,0.029594469
ABBY,ABBY_061,24,1,1,1,1,0,0,,0.024485874,0.040214153,0.028375148
ABBY,ABBY_062,88,1,1,1,1,0,0,,0.005966319,0.036132621,0.013087692
ABBY,ABBY_063,49,2,1.172960573,1.148782242,1.148782242,0.152671214,0.296553084,,0.037790711,0.087658201,0.129930585
ABBY,ABBY_064,10,1,1,1,1,0,0,,0.046376914,0.061104727,0.020456417
ABBY,ABBY_065,12,3,1.763238488,1.186584438,1.186584438,1.547764395,257.6976703,,0.039946464,0.011716332,0.074114381
ABBY,ABBY_067,41,1,1,1,1,0,0,,0.049028766,0.025478209,0.014641553
ABBY,ABBY_068,50,1,1,1,1,0,0,,0.018210115,0.038095803,0.02260652
ABBY,ABBY_069,12,1,1,1,1,0,0,,0.030632134,0.074932176,0.060879979
ABBY,ABBY_070,44,1,1,1,1,0,0,,0.062781186,0.033390034,0.010572699
ABBY,ABBY_073,39,2,1.934593149,1.225361278,1.225361278,0.325774656,8.587472771,,0.02958123,0.068311379,0.079108628
ABBY,ABBY_074,34,1,1,1,1,0,0,,0.064449223,0.045223482,0.035438066
ABBY,ABBY_075,10,1,1,1,1,0,0,,0.016341346,0.026064602,0.021658392
ABBY,ABBY_076,51,1,1,1,1,0,0,,0.038954767,0.021743899,0.022564136
ABBY,ABBY_077,63,1,1,1,1,0,0,,0.05105267,0.04471344,0.01964701
BART,BART_002,51,9,4.53011705,3.011545537,3.011545537,0.84138293,352,0.016493548,0.016008746,0.026745226,0.01061347
BART,BART_003,87,7,3.488626619,3.488626619,3.488626619,0.736088877,183.5860195,0.041076071,0.011698676,0.032608766,0.0395208
BART,BART_004,52,4,3.303452846,3.229064528,2.292424494,1.300826928,41.00163448,0.006416637,0.010765409,0.014656038,0.01736686
BART,BART_005,52,6,3.073091301,2.797415454,2.797415454,1.013769792,122.7466196,0.023935153,0.024841705,0.022126577,0.024182536
BART,BART_007,32,6,4.198734639,3.368960388,3.368960388,0.817186912,106.9790127,0.010237837,0.042873311,0.025020566,0.047806698
BART,BART_010,10,5,3.442411772,2.82663543,2.82663543,1.384894332,154.3100468,0.015862768,0.009563542,0.022159629,0.048914049
BART,BART_011,10,10,4.813612114,4.017412664,4.017412664,0.844616666,184.8587047,0.010380705,0.035478344,0.015790466,0.019490535
BART,BART_012,31,4,3.377990085,1.791754384,1.791754384,0.497391646,56.62474377,0.020504006,0.013432183,0.042410059,0.011744825
BART,BART_013,50,6,4.828763757,3.955202275,3.839439113,0.752751822,139.8976517,0.024789237,0.010488102,0.052433519,0.015506872
BART,BART_015,13,8,4.588436296,4.588436296,2.102579812,0.645599844,163.6611396,0.022800046,0.014986182,0.039290876,0.02627311
BART,BART_016,10,7,4.102166285,2.912167438,2.674241498,0.783967522,284.916593,0.035328734,0.027413231,0.015710943,0.015934751
BART,BART_019,53,7,4.020617978,3.457221622,3.240406465,1.493355239,156.8343863,0.087567463,0.038622647,0.029524688,0.031032548
BART,BART_023,33,9,5.715674268,5.715674268,5.592321312,0.703404257,164.162943,0.024543725,0.02811298,0.019584179,0.008870773
BART,BART_024,21,4,3.043992115,2.595328617,2.414032324,0.883101638,86.2086919,0.027845592,0.016502362,0.063169665,0.012026116
BART,BART_025,39,8,4.10979096,3.193864758,3.193864758,0.853304373,139.5535182,0.029095805,0.020793018,0.038030414,0.017101568
BART,BART_026,42,8,6.361641084,3.44555312,3.136387551,1.273351366,167.3743656,0.003698015,0.017840552,0.035938581,0.028706978
BART,BART_027,54,8,3.351757281,3.351757281,3.351757281,0.790509608,154.3422008,0.025597915,0.045136246,0.012497808,0.016443372
BART,BART_028,38,3,2.370977429,2.349088176,2.349088176,1.39849763,277.3487473,0.038859468,0.143940247,0.029680797,0.018260948
BART,BART_032,60,6,4.074316594,3.188583423,3.188583423,0.665124943,146.3936598,0.032540394,0.020239382,0.010887756,0.01499417
BART,BART_033,64,6,4.624243755,3.091379498,3.091379498,0.955891553,164.2547579,0.065273453,0.010705495,0.01528142,0.016269087
BART,BART_034,64,7,5.820889289,3.061112731,2.454236282,0.685459801,288.2466122,0.015262162,0.001931821,0.017086728,0.011986641
BART,BART_036,66,7,5.711357111,4.615739254,3.558193813,0.568179417,336.5135345,0.058852228,0.028127514,0.015973553,0.013635477
BART,BART_037,28,5,3.08576881,2.354404623,2.354404623,0.743888667,147.5797666,0.012172357,0.027557984,0.021343266,0.029018481
BART,BART_039,23,5,4.394045828,2.85679411,2.693653004,1.55225627,208.995698,0.052985613,0.009867196,0.033559185,0.059713634
BART,BART_040,34,4,2.076926891,2.076926891,1.385656661,0.63307259,30.38394049,0.018506844,0.023668732,0.024790571,0.007981066
BART,BART_041,41,10,4.68129388,2.897357977,2.897357977,0.697709912,194.9390107,0.015817126,0.02074403,0.03752976,0.023366733
BART,BART_042,78,5,3.333371094,1.979266532,1.979266532,1.184482485,122.6641189,0.022017549,0.009871818,0.041017752,0.011444156
BART,BART_044,53,7,3.568588981,3.568588981,3.209680069,0.596721724,193.3456139,0.015162808,0.008191913,0.027116464,0.024339389
BART,BART_046,94,8,6.422029967,2.721963919,2.721963919,0.514556221,345.6399586,0.029955128,0.008762652,0.022318589,0.031315504
BART,BART_047,28,6,4.398212287,3.098293763,3.098293763,0.924728719,129.1757664,0.020602269,0.011215187,0.015931202,0.037040477
BART,BART_050,10,2,1.237293379,1.237293379,1.237293379,2.064752194,22.93615534,0.032787841,0.023365299,0.01657866,0.038416147
BART,BART_051,10,10,6.1383404,4.821522092,4.821522092,1.66733001,200.3508509,0.018053095,0.033708378,0.004729895,0.013805412
BART,BART_070,47,7,3.434127575,3.434127575,3.177865508,0.926690421,151.5011576,0.037515854,0.021363946,0.02154089,0.076518589
BART,BART_071,32,3,2.846931063,2.031056613,1.923002064,0.201757552,15.33335612,0.024962354,0.017708875,0.062683365,0.047238513
BART,BART_072,43,2,1.534689605,1.049797569,1.049797569,0.744374988,0.301295285,0.008741484,0.0265081,0.005012076,0.094852519
BART,BART_073,36,7,5.495810892,2.957299753,2.957299753,1.413630819,115.2931311,0.018829395,0.079086401,0.022839528,0.01304235
BART,BART_074,60,4,2.686824485,2.244388735,1.511086366,0.41690294,70.64470927,0.030736561,0.030308546,0.034120591,0.007844646
BART,BART_075,58,8,5.157753835,5.157753835,3.917954494,0.691918175,203.8710848,0.00419276,0.058569248,0.012279952,0.0173802
BLAN,BLAN_036,48,4,3.913819325,3.09937697,2.47709127,0.874008243,197.1644622,0.348238919,0.192491073,0.242124254,0.1524698
BLAN,BLAN_047,63,3,2.967238127,2.511724869,1.979522073,0.279313877,41.83224911,0.16781257,0.100577713,0.429173723,0.254362862
BLAN,BLAN_050,40,2,2,1.261055484,1.261055484,0.348084753,31.63260657,0.25758183,0.289282884,0.15202951,0.388658126
BLAN,BLAN_063,15,1,1,1,1,0,0,0.226366681,0.41764833,0.176672513,0.204509212
BONA,BONA_001,39,1,1,1,1,0,0,0.00639749,0.039266671,0.044144033,0.015091917
BONA,BONA_002,51,4,2.962151235,2.570443894,2.137895686,0.675879752,124.9535802,0.079432204,0.006513157,0.044339243,0.024719234
BONA,BONA_004,10,3,2.905629542,2.905629542,2.231270601,1.331068145,187.3815763,0.019559719,0.066300455,0.02233289,0.060609704
BONA,BONA_005,31,2,1.726345644,1.726345644,1.152179091,1.193394086,82.49826133,0.006167439,0.022967129,0.010617914,0.041525299
BONA,BONA_007,35,4,3.073031735,2.927944297,2.400139105,0.786130013,237.4936342,0.023052462,0.019538534,0.039618171,0.070241421
BONA,BONA_008,12,3,3,1.282998392,1.282998392,0.275442284,61.45592356,0.051769176,0.02086972,0.01844499,0.013178542
BONA,BONA_011,40,5,3.836588906,3.775189155,1.731476374,0.993287285,78.55753025,0.032569357,0.023181499,0.014199182,0.019383603
BONA,BONA_012,46,3,2.138522319,1.431187408,1.431187408,0.518679823,121.8828295,0.008622033,0.025640068,0.038119114,0.03780274
BONA,BONA_013,41,4,2.711884492,2.711884492,1.32618142,0.79959362,52.24102077,0.028519413,0.024508533,0.043510887,0.016822941
BONA,BONA_014,24,3,2.838200853,2.633354422,1.487348948,1.109975552,48.61881738,0.02393747,0.034319942,0.016947838,0.065078008
BONA,BONA_016,12,4,2.548931434,2.015168167,2.015168167,1.022735274,264.4462019,0.032662716,0.109462579,0.053924651,0.026521179
BONA,BONA_018,10,2,1.491679946,1.491679946,1.199234033,0.490753523,34.27881369,0.028342603,0.081049942,0.072081115,0.05443729
BONA,BONA_026,51,4,3.688136672,3.404747735,1.812487859,1.162444123,163.3878083,0.056416273,0.021831803,0.059859658,0.026903592
BONA,BONA_070,50,3,1.806114863,1.806114863,1.806114863,1.413246374,305.9276736,0.01745986,0.031681488,0.039193415,0.015155314
BONA,BONA_071,36,2,1.746407149,1.619880361,1,0.500816257,0.551755726,0.094758719,0.012758528,0.017180756,0.073177183
BONA,BONA_072,47,2,2,1.843351277,1.274300283,0.646016691,0.740053332,0.009043326,0.047365521,0.020528949,0.021949475
BONA,BONA_075,10,2,2,1.304827128,1.005443087,0.303303922,1.609235739,0.023176124,0.064396555,0.034090883,0.024351148
BONA,BONA_076,19,4,3.998942465,3.157795493,3.157795493,0.766103297,130.4057067,0.039256008,0.028777015,0.010943149,0.047522267
BONA,BONA_078,27,2,1.467070762,1.427194594,1.233025112,0.112997974,84.86324807,0.051112479,0.037865127,0.073044092,0.022161776
BONA,BONA_079,13,2,1.365806373,1.365806373,1.174595242,0.292238137,111.2398146,0.011515389,0.029300849,0.016348079,0.040089075
BONA,BONA_080,40,3,2.39312678,1.781882152,1.514761672,0.515854021,18.16905777,0.011448624,0.020851298,0.014015465,0.042069885
BONA,BONA_081,45,2,1.922455448,1.922455448,1.784910372,0.631956262,1.352805905,0.066933373,0.013059606,0.074637652,0.025557126
BONA,BONA_082,13,4,3.21837322,2.380247017,1.765074896,0.214816687,120.6355546,0.028530362,0.013731435,0.027109128,0.028853905
BONA,BONA_084,11,3,3,1.930347244,1.930347244,0.373635765,102.9588398,0.064525798,0.035105872,0.041470665,0.029438092
BONA,BONA_085,15,2,2,1.228641233,1.228641233,0.065482105,5.363623301,0.018304057,0.031499334,0.03188612,0.033606083
BONA,BONA_086,57,2,2,1.261966422,1.261966422,0.351223358,4.861799011,0.045686767,0.041512418,0.03264306,0.034390316
BONA,BONA_087,37,3,2.004468972,2.004468972,1.305414826,0.438046596,125.1499349,0.020874921,0.023396577,0.03056788,0.024742785
BONA,BONA_088,34,2,1.856564599,1.043151213,1.043151213,0.040725967,6.121264041,0.028871693,0.024562712,0.015717968,0.015049315
BONA,BONA_089,27,5,3.44540317,3.44540317,1.898494641,0.436128014,139.5161747,0.035563404,0.019350047,0.024345099,0.024687643
BONA,BONA_093,42,4,3.032424911,2.729734974,1.157329812,1.178155697,204.3394688,0.035490741,0.029335586,0.018137954,0.024883142
DEJU,DEJU_009,60,2,1.858649153,1.234334477,1,0.581080451,301.4272849,,0.028059375,0.021836387,0.008373164
DEJU,DEJU_014,10,1,1,1,1,0,0,,0.086994943,0.036144303,0.0454385
DEJU,DEJU_016,38,1,1,1,1,0,0,,0.081411304,0.05218503,0.042231149
DEJU,DEJU_018,65,1,1,1,1,0,0,,0.025422444,0.029187089,0.055193104
DEJU,DEJU_019,45,2,1.78446381,1.079680964,1.079680964,0.115859476,9.71862934,,0.021018933,0.01680529,0.032492081
DEJU,DEJU_020,27,3,1.491500146,1.491500146,1.491500146,0.698213354,101.9625416,,0.007322968,0.054109619,0.016113834
DEJU,DEJU_021,13,2,1.196112376,1.196112376,1.035103384,0.079892989,0.581556455,,0.032035665,0.040512308,0.032432912
DEJU,DEJU_023,10,2,1.737110755,1.737110755,1.056607247,1.112651283,262.0534813,,0.019956411,0.064941078,0.073745199
DEJU,DEJU_045,10,3,3,1.850153147,1.850153147,0.618209584,275.9297508,,0.018521717,0.033560137,0.026025579
DEJU,DEJU_046,28,3,2.519393755,2.278204053,1.986216858,0.805832309,203.9625206,,0.083570111,0.02282053,0.068537836
DEJU,DEJU_047,12,2,2,1.695603191,1.045984999,0.621498226,1.762491194,,0.019447174,0.027336753,0.054112402
DEJU,DEJU_048,10,1,1,1,1,0,0,,0.035739689,0.025689847,0.023650615
DEJU,DEJU_049,16,4,2.853763244,2.853763244,2.202083079,0.547808907,331.5922222,,0.031284753,0.011870192,0.074717621
DEJU,DEJU_050,20,2,1.858560605,1.113375766,1.113375766,0.664755446,35.30134281,,0.042965668,0.032933443,0.007554952
DEJU,DEJU_051,43,1,1,1,1,0,0,,0.035750643,0.021695489,0.035189902
DEJU,DEJU_053,38,2,1.733622353,1.175536828,1.02596475,0.081960179,20.62963665,,0.053076533,0.053451532,0.012443532
DEJU,DEJU_054,41,3,1.987482482,1.392852103,1.392852103,0.499693411,202.9011305,,0.078176012,0.033608989,0.020841897
DEJU,DEJU_055,30,3,2.869923842,1.897559689,1.334757067,0.332061216,112.393021,,0.033911309,0.067393768,0.045592736
DEJU,DEJU_056,30,1,1,1,1,0,0,,0.055227507,0.034036848,0.045621461
DEJU,DEJU_057,31,3,3,1.839807955,1.839807955,0.221668827,34.34084651,,0.010406976,0.031021081,0.027855628
DEJU,DEJU_058,57,3,2.686360957,1.857206358,1.857206358,0.532712663,100.5826702,,0.018969496,0.134602974,0.017342296
DEJU,DEJU_059,31,1,1,1,1,0,0,,0.056328588,0.006123923,0.026265086
DEJU,DEJU_060,30,2,1.93829524,1.500691465,1.150928549,0.096771669,59.46587176,,0.053439027,0.038490885,0.033548104
DEJU,DEJU_061,20,1,1,1,1,0,0,,0.009779346,0.041547018,0.041805061
DEJU,DEJU_062,19,1,1,1,1,0,0,,0.017759374,0.015002564,0.033282652
DEJU,DEJU_063,10,1,1,1,1,0,0,,0.012482777,0.035637788,0.079244426
DEJU,DEJU_064,38,2,1.829668076,1.552541737,1.170466912,0.10091938,0.603391798,,0.030941257,0.017455135,0.020348271
DELA,DELA_001,59,14,6.470016562,5.206729236,3.983235817,1.06404616,352,0.051971577,0.054571287,0.033273845,0.018043232
DELA,DELA_004,50,7,4.345259056,2.796609329,2.796609329,0.925572514,310.2807762,0.028561785,0.078212982,0.103268856,0.055051369
DELA,DELA_005,59,7,5.258407671,3.754706708,3.754706708,1.43677952,170.2013934,0.063991558,0.036725428,0.04636233,0.074994477
DELA,DELA_011,51,5,3.450691173,3.450691173,1.9099076,1.020337162,62.40610887,0.078740632,0.16460745,0.027493363,0.050370776
DELA,DELA_012,10,6,4.790922065,2.050567607,2.050567607,0.664586782,198.6837232,0.020270487,0.024283875,0.044989241,0.020946294
DELA,DELA_014,40,9,4.778976106,3.954387334,3.954387334,0.812138124,196.5518442,0.032934627,0.028508668,0.018769,0.071473656
DELA,DELA_015,61,11,5.009598885,5.009598885,2.581315315,1.077711719,259.6323312,0.026633222,0.057646022,0.029960592,0.019818572
DELA,DELA_016,63,9,3.806100605,3.454043793,2.840589549,1.646945493,124.1353028,0.034097643,0.030539711,0.044497187,0.052949291
DELA,DELA_020,36,6,4.694729655,2.976045838,1.4693802,1.031593281,222.8791548,0.063993617,0.022327724,0.039418746,0.049759019
DELA,DELA_021,77,10,5.635884149,5.515093757,3.982662381,1.255275614,180.4094479,0.020704514,0.083225713,0.189180226,0.15553639
DELA,DELA_037,47,7,4.276727557,4.276727557,2.561992754,0.836108264,174.1301539,0.027354991,0.013633909,0.049218455,0.020343852
DELA,DELA_038,12,5,2.910511803,2.910511803,2.910511803,0.305207295,35.5103614,0.01515324,0.100526179,0.026069841,0.063268178
DELA,DELA_040,84,9,6.03355776,4.357753521,4.357753521,1.119976699,155.1346596,0.016455361,0.082910823,0.022227096,0.053464846
DELA,DELA_041,80,13,5.542588798,5.542588798,5.275888736,1.50282474,327.3488593,0.007828084,0.036270596,0.037664055,0.062424699
DELA,DELA_046,27,5,4.005640747,3.068286697,2.701756346,0.515068315,273.1686247,0.074165296,0.018559804,0.028678604,0.014739507
DELA,DELA_047,52,7,3.049148438,2.788243846,2.788243846,1.075921496,134.3916374,0.026261538,0.024837536,0.011390759,0.045245124
DELA,DELA_050,94,7,5.383043891,4.232656262,2.011308099,0.898969217,205.4193274,0.100693992,0.018990726,0.043060879,0.040120495
DELA,DELA_051,62,10,4.259892708,4.259892708,4.259892708,1.078336824,217.1164711,0.158225701,0.023256603,0.10425465,0.025108322
DELA,DELA_053,10,4,3.906403651,3.720704595,2.515581926,0.736813429,289.7356551,0.023990653,0.02484176,0.027723861,0.040508412
DELA,DELA_054,25,7,3.987110387,3.987110387,3.546390484,0.722641808,191.6778716,0.027089564,0.035817908,0.054529234,0.032150187
DELA,DELA_059,53,8,6.284486232,5.081805791,3.081746374,1.517121599,127.409685,0.100881918,0.039705296,0.01796918,0.033683302
GRSM,GRSM_002,88,10,4.130172075,4.130172075,2.646176677,1.169348368,269.4996843,0.031707016,0.09311871,0.168815584,0.033472018
GRSM,GRSM_006,65,8,5.071466829,4.479620521,3.36328501,1.137278904,158.2632196,0.024229152,0.052393665,0.029853802,0.035487169
GRSM,GRSM_012,10,7,4.894396622,4.894396622,3.077181781,0.715282858,163.631338,0.085043385,0.045179316,0.042601999,0.036327928
GRSM,GRSM_016,30,9,4.873287039,4.262756861,4.02939379,0.946507567,125.3819606,0.010071773,0.017978511,0.06570572,0.01905725
GRSM,GRSM_019,33,11,5.8704819,5.199403706,5.199403706,1.070569166,206.697955,0.05997639,0.053174006,0.025707814,0.017306644
GRSM,GRSM_025,10,9,5.655298528,2.996961077,2.238687295,0.722809197,179.1281301,0.023146228,0.042040997,0.043458468,0.088229203
GRSM,GRSM_047,63,12,6.379670705,5.333021552,4.662484323,0.728213144,178.3819693,0.055045438,0.076369979,0.041877159,0.082486787
GRSM,GRSM_049,55,9,4.752980111,2.659917821,2.659917821,1.188536543,111.5409301,0.094281729,0.015519375,0.035886554,0.042805215
GRSM,GRSM_050,33,7,3.769202106,1.945109511,1.945109511,0.868616827,200.7893156,0.06074382,0.02661472,0.026613358,0.026883311
GRSM,GRSM_051,10,3,2.493710326,1.446153493,1.236464275,0.476277782,201.3394898,0.033830828,0.057343256,0.034941687,0.060949649
GRSM,GRSM_052,15,6,2.899416143,2.899416143,2.899416143,0.540465469,268.1996249,0.123630899,0.044401889,0.051772201,0.027038704
GRSM,GRSM_053,38,8,3.456059055,3.456059055,3.081545436,0.604993776,323.078423,0.047122185,0.108628991,0.033249051,0.021264459
GRSM,GRSM_054,51,9,6.147591173,4.047318261,4.047318261,0.692787232,322.0736643,0.042094817,0.055632307,0.075270754,0.138117045
GRSM,GRSM_057,55,6,3.867052171,3.394968753,2.623435527,0.621113117,246.8543372,0.040797002,0.052593587,0.031632498,0.034033612
GRSM,GRSM_059,49,7,4.418807565,3.391255283,3.391255283,0.73706212,185.9516554,0.057226701,0.038422686,0.099306429,0.020692111
GRSM,GRSM_060,28,8,3.817357193,3.648401835,3.445051391,0.921503348,146.3777123,0.019259919,0.07440558,0.03130728,0.070741226
GRSM,GRSM_061,33,7,3.761689437,2.071299927,2.071299927,1.494814287,260.7344242,0.02927819,0.028376309,0.026974968,0.058714224
GRSM,GRSM_062,57,10,4.198428107,4.198428107,4.198428107,0.99175197,177.1583586,0.047660384,0.0523258,0.080983311,0.057220141
GRSM,GRSM_063,54,6,4.078994323,3.138081928,1.341256522,0.595476955,95.77135019,0.022306301,0.026824101,0.026911974,0.090003594
GRSM,GRSM_064,28,11,5.466342317,5.466342317,3.288086113,1.382143822,308.0369224,0.092547843,0.038656215,0.027129389,0.03916971
HARV,HARV_001,19,8,4.86318006,3.902095609,2.083326228,0.795295189,328.5472384,0.012730206,0.053035432,0.012810078,0.048647257
HARV,HARV_002,44,4,2.017100838,2.017100838,2.017100838,0.691791989,302.4559985,0.01291048,0.009628107,0.040228724,0.033607188
HARV,HARV_005,52,6,5.130358745,2.719128926,2.015504132,0.931471188,290.4942635,0.030677356,0.020121123,0.015528849,0.026581257
HARV,HARV_006,89,5,2.593971121,2.333662529,2.333662529,0.464675296,310.1196639,0.030384053,0.013280627,0.034263841,0.022375136
HARV,HARV_008,42,11,5.898571099,4.597583115,3.497107558,0.933528711,290.2527014,0.032391679,0.076831729,0.026337301,0.005395438
HARV,HARV_011,65,4,2.917708822,2.833130191,2.424574243,0.898635273,36.72827413,0.02160249,0.024625237,0.006954404,0.011184889
HARV,HARV_014,88,12,5.706461979,4.765101117,4.765101117,0.885354136,182.7499684,0.025946966,0.021460073,0.026196477,0.030516566
HARV,HARV_015,23,5,4.472217885,3.773603503,3.330320821,0.50494502,37.65466383,0.01907295,0.057616765,0.009763434,0.036676351
HARV,HARV_016,49,8,5.824129011,3.917371073,3.088915002,0.856000701,315.6142337,0.029242755,0.019276332,0.052867287,0.01092976
HARV,HARV_017,28,8,5.095692927,3.970247887,2.008374495,1.156949997,187.4283959,0.057348028,0.01706773,0.021945901,0.007229199
HARV,HARV_020,50,6,4.076190454,4.076190454,3.538723708,0.670694001,162.1754387,0.065353764,0.029501459,0.025752574,0.026738597
HARV,HARV_021,57,5,3.054835541,2.477919956,2.477919956,0.796560884,323.9061716,0.038333081,0.05224626,0.021487119,0.019486121
HARV,HARV_022,30,5,3.475281407,3.037693087,2.222767084,0.793028929,142.6429864,0.044497981,0.040850499,0.014043478,0.014889739
HARV,HARV_023,50,7,3.488360638,3.488360638,3.145905006,1.349962169,203.58057,0.018695298,0.024774832,0.011229302,0.015509075
HARV,HARV_025,13,3,2.235059108,1.158522546,1.158522546,1.393113771,45.45093151,0.011470263,0.021121838,0.045328051,0.037572476
HARV,HARV_027,46,5,3.017452908,2.647830694,2.446050451,0.752463848,118.4539671,0.026707532,0.012757501,0.01147681,0.036348618
HARV,HARV_033,65,7,4.337532352,3.610523728,2.777069421,0.598812335,182.9001029,0.014680901,0.04116029,0.020030576,0.027771375
HARV,HARV_034,57,10,7.106790984,3.336000359,3.336000359,0.50281382,181.1679502,0.006416692,0.023539787,0.013290034,0.0478357
HARV,HARV_035,68,7,4.731290796,2.784314539,2.784314539,0.6937875,189.0151467,0.042814047,0.024806376,0.022650198,0.019187805
HARV,HARV_036,15,6,3.688050718,2.90204566,2.67919003,0.884083588,217.1762848,0.011428959,0.016786442,0.028775213,0.013747201
HARV,HARV_037,47,3,2.140136269,2.060048293,2.060048293,0.372042729,169.4114464,0.021685679,0.02037004,0.042573458,0.013478722
HARV,HARV_038,44,2,1.718227198,1.386704685,1.386704685,0.383186044,8.129932414,0.032756289,0.058675567,0.018707867,0.020523022
HARV,HARV_039,21,7,4.630907436,3.175625262,3.001722383,0.891325788,343.590481,0.004262818,0.025348778,0.094801892,0.039577026
HARV,HARV_040,52,6,3.48710487,3.246738085,2.859199991,0.71966915,116.9095852,0.018558307,0.042912459,0.036831498,0.009796694
HARV,HARV_042,13,5,5,2.29251159,2.29251159,0.414467118,136.8698284,0.034139046,0.011956363,0.024098917,0.079236419
HARV,HARV_043,27,5,3.390560441,3.390560441,2.085505737,0.287209574,209.6047835,0.036941773,0.016201934,0.022156023,0.004280202
HARV,HARV_044,25,7,4.236287473,4.150931221,2.108756277,0.919216849,209.0351069,0.025361337,0.022794769,0.024111383,0.032135087
HARV,HARV_045,41,6,3.95571204,2.870715763,2.690596942,0.558633307,177.1639314,0.02222503,0.018881514,0.033923587,0.0126876
HARV,HARV_046,37,9,4.818647642,4.114618377,4.064357769,0.74470436,251.2875882,0.055110126,0.027529506,0.020302376,0.069128503
HARV,HARV_047,57,7,5.405862313,2.797803062,1.546557466,1.038024392,140.6720096,0.0482698,0.029644143,0.03222076,0.041419431
HARV,HARV_048,50,6,5.759227671,2.912721859,2.895598791,1.094121507,133.6540283,0.025194804,0.014592881,0.0244575,0.030410009
HARV,HARV_049,39,4,3.28273799,2.604578837,2.604578837,0.998060374,152.5499684,0.017814498,0.026959398,0.044177047,0.044270243
HARV,HARV_050,44,6,3.685000571,3.314797039,3.014566559,0.653812665,215.0007378,0.022354384,0.006947422,0.009616119,0.067305007
HARV,HARV_051,35,6,3.859659082,3.760594417,3.251207873,0.79956966,252.5746702,0.035400246,0.026896085,0.01011126,0.025104417
HARV,HARV_052,77,6,3.806050933,3.755523138,3.515398281,0.841854429,290.9320211,0.047220382,0.049800702,0.100950662,0.01841787
JERC,JERC_049,23,1,1,1,1,0,0,0.197833128,0.081304994,0.072448688,0.161214534
JERC,JERC_051,54,3,2.662865136,1.460066858,1.460066858,0.706832429,24.75123594,0.179575259,0.282257731,0.149428083,0.133894155
JERC,JERC_053,73,6,3.862722443,2.448074821,2.448074821,0.86865423,145.808263,0.070054975,0.084448122,0.144755749,0.044734721
JERC,JERC_054,26,3,3,1.214221706,1.214221706,0.781883069,216.7390861,0.041418775,0.075605063,0.071799229,0.078719548
JERC,JERC_057,11,6,3.423069644,3.423069644,3.26827247,0.877136526,126.0255271,0.076029637,0.038104434,0.293324696,0.091089153
JERC,JERC_060,11,4,2.69144777,2.569568603,1.657542448,0.912532623,139.3634779,0.091564075,0.174509689,0.161076647,0.312306224
JERC,JERC_061,10,2,1.429117689,1.301073778,1.197170109,0.506075239,36.92663838,0.248763169,0.150325385,0.082360407,0.093576818
JERC,JERC_062,30,5,4.236314243,3.89822211,2.632191163,0.850981299,96.34559217,0.094760982,0.113444582,0.024806501,0.084464847
LENO,LENO_007,20,7,3.356601118,3.356601118,3.297458356,0.800105809,352,0.007586488,0.155632286,0.059633462,0.134872375
LENO,LENO_008,61,4,2.032266078,2.032266078,2.032266078,0.492879031,316.4427737,0.028068354,0.046279969,0.046300419,0.058653626
LENO,LENO_009,10,3,1.945198818,1.945198818,1.945198818,0.930459409,67.57169404,0.148159649,0.100087826,0.033538456,0.026989563
LENO,LENO_012,54,8,4.657098045,3.441341714,2.566233176,1.166960832,159.6004661,0.054462027,0.024057065,0.100373248,0.080705087
LENO,LENO_014,68,7,3.321578298,3.184013684,2.640623834,0.857010162,352,0.072722746,0.036849331,0.029433282,0.027435239
LENO,LENO_015,16,4,2.270860981,2.270860981,2.270860981,0.272184731,54.23953705,0.061740235,0.036876131,0.051324923,0.02932722
LENO,LENO_021,10,7,3.778969283,3.741367723,1.753156265,0.543203248,304.0590576,0.091847065,0.051475,0.095627095,0.068892166
LENO,LENO_022,31,4,3.471310696,2.768712244,2.768712244,0.757191156,149.0257751,0.108327372,0.049635069,0.113604543,0.07899553
LENO,LENO_062,27,7,5.074250876,4.657259476,2.570908545,0.945307234,160.3998164,0.074164839,0.080929776,0.100937438,0.044058838
LENO,LENO_064,56,5,3.594200783,3.594200783,1.984379903,0.694733278,149.9860834,0.104689018,0.109360398,0.052071314,0.102173996
LENO,LENO_066,71,7,5.595503599,3.664036305,2.792886641,0.637967475,100.2612417,0.013492804,0.095929652,0.060123125,0.105947118
LENO,LENO_068,43,3,3,2.228967766,2.228967766,0.785695883,33.84856531,0.098495497,0.027161652,0.106881077,0.128766073
LENO,LENO_069,57,7,5.088315659,4.698835782,2.913683014,0.870342832,134.3339194,0.043688458,0.043349027,0.097767953,0.017894997
LENO,LENO_070,52,10,5.367848291,3.925499574,3.925499574,0.924380592,263.5886753,0.092555448,0.142376818,0.052383665,0.095288172
MLBS,MLBS_001,40,7,5.34895787,4.389344109,3.373628327,0.460793235,164.2112016,0.046111449,0.067135195,0.082904297,0.032128137
MLBS,MLBS_002,46,3,2.674983372,1.550146195,1.32901564,1.520519423,1.889029623,0.025464708,0.063299086,0.033601917,0.031719289
MLBS,MLBS_003,58,8,6.07541547,6.07541547,3.046607457,0.670382684,330.3880387,0.011226561,0.021266772,0.023716908,0.013058385
MLBS,MLBS_005,23,10,3.559429676,3.559429676,3.559429676,1.267029655,232.4721398,0.010271454,0.015135339,0.038289469,0.024105964
MLBS,MLBS_006,10,5,3.291179292,3.109598458,2.447112051,0.216823247,89.96285616,0.064075057,0.032846497,0.028588444,0.01402245
MLBS,MLBS_007,74,5,3.259073605,3.259073605,2.413025062,0.467966395,129.8775049,0.025151384,0.011507496,0.019107129,0.019073978
MLBS,MLBS_008,33,9,5.040210861,2.444850565,2.444850565,0.617401532,315.2956843,0.030674074,0.024341969,0.02998084,0.019355754
MLBS,MLBS_009,57,13,6.343217616,6.343217616,6.343217616,1.267460582,272.9186181,0.023226478,0.043582927,0.041509361,0.026705109
MLBS,MLBS_010,10,8,6.804716558,3.905452921,2.325162205,0.738117032,82.3529386,0.038348899,0.011951881,0.014631,0.015364985
MLBS,MLBS_011,24,7,4.507940328,2.131183225,2.131183225,1.217066609,120.2901608,0.060705576,0.015051748,0.023824892,0.031065293
MLBS,MLBS_012,49,10,6.746196422,4.786586141,4.784170278,0.785536413,140.4370637,0.02158285,0.042198303,0.034965293,0.037274156
MLBS,MLBS_013,44,6,2.647217242,2.647217242,2.583458458,0.750336391,164.9591121,0.026293854,0.011007508,0.023612825,0.037430723
MLBS,MLBS_016,13,9,4.991439177,4.922804394,2.735645778,0.717208275,135.2201656,0.020201364,0.028211571,0.0194778,0.017198198
MLBS,MLBS_017,27,8,3.935116139,3.248356234,1.785770376,1.155161483,119.5041699,0.074622066,0.056125205,0.042627787,0.050784817
MLBS,MLBS_018,101,9,4.472284661,4.197604584,2.797139935,0.627769201,114.5883903,0.079129238,0.004956903,0.045880448,0.042941055
MLBS,MLBS_019,22,4,3.551244437,1.872816225,1.872816225,0.4146623,140.0981315,0.058060915,0.032134774,0.057756332,0.027139919
MLBS,MLBS_061,40,7,4.001965415,4.001965415,4.001965415,0.351749389,118.330747,0.029504256,0.006412916,0.030205537,0.019080375
MLBS,MLBS_062,50,9,5.062872434,5.062872434,3.959354064,0.952309656,122.8514773,0.036061491,0.079365888,0.018681541,0.061912303
MLBS,MLBS_063,26,6,4.29165188,1.859833216,1.859833216,1.194795295,140.3359883,0.016613033,0.040262495,0.043645605,0.024144598
MLBS,MLBS_064,10,4,3.611468386,1.60445897,1.584351658,0.786255575,284.5639397,0.023670012,0.053919458,0.039068454,0.022244593
MLBS,MLBS_065,47,12,5.79791534,4.82268191,4.82268191,1.151385003,191.8818035,0.011246368,0.039651816,0.021607751,0.049644265
MLBS,MLBS_066,25,3,2.567844563,2.2825395,1.40419276,1.394361458,39.9759636,0.04003423,0.019607461,0.021642146,0.013113065
MLBS,MLBS_067,69,15,6.179775073,6.179775073,5.997126618,1.181279358,309.5240115,0.016362813,0.024039774,0.010396626,0.032218622
MLBS,MLBS_068,74,6,4.667521119,3.391505641,2.860489002,1.65641678,155.5637468,0.020204032,0.025045384,0.036411494,0.107265717
MLBS,MLBS_069,63,4,3.78686398,3.02712279,2.501352232,0.70820097,259.0546734,0.052748741,0.043571497,0.042902165,0.01568019
MLBS,MLBS_070,40,7,3.33442905,3.33442905,2.446321625,0.773557461,243.7083674,0.023050645,0.01761761,0.017536673,0.043910578
MLBS,MLBS_071,34,6,4.487952297,3.079769968,2.476929434,0.79368514,104.634143,0.02422487,0.012360611,0.022892894,0.033228675
MLBS,MLBS_072,22,7,5.803660815,5.007406845,3.458407814,1.728283238,168.8644871,0.024511845,0.014819392,0.012027055,0.03981391
MLBS,MLBS_073,38,6,2.811290314,2.811290314,2.811290314,0.947396157,156.1495631,0.020079891,0.03646989,0.047254437,0.036728219
MLBS,MLBS_075,42,9,5.777675104,4.791153834,3.913675977,0.871368696,274.9515117,0.018720587,0.055154746,0.019112961,0.039944453
MLBS,MLBS_076,10,8,4.553282978,2.828696602,2.676008765,0.689424596,305.2064184,0.027821259,0.050947888,0.056139919,0.021702225
ORNL,ORNL_001,46,8,4.050037148,4.050037148,3.636836671,0.810009912,352,0.022753885,0.065198867,0.054154346,0.01682158
ORNL,ORNL_004,29,7,4.532366448,2.633502382,2.633502382,1.01432792,177.6635439,0.029842708,0.019108149,0.056724562,0.071765998
ORNL,ORNL_006,38,10,5.199758181,4.793176046,4.34840443,0.873821983,292.4590239,0.092955006,0.03014009,0.090339268,0.042243674
ORNL,ORNL_010,60,4,3.30944334,3.30944334,2.135313382,0.588192113,27.62318183,0.066772274,0.028078376,0.023742609,0.019199738
ORNL,ORNL_019,12,5,3.443926606,2.523386713,2.523386713,0.924025982,352,0.065494626,0.075101839,0.049458705,0.024572329
ORNL,ORNL_032,73,6,3.476985328,3.476985328,3.222386376,0.705057769,93.5579856,0.072848959,0.058772961,0.064365496,0.041170657
ORNL,ORNL_035,38,4,2.79950821,1.96061543,1.856522214,0.543641079,326.3354429,0.011379104,0.07388377,0.034290456,0.100224174
ORNL,ORNL_036,59,6,4.372310074,3.887975861,2.79168449,1.036860635,114.1059599,0.093570961,0.021085568,0.058502066,0.0790953
ORNL,ORNL_037,57,12,6.590541288,6.06329639,5.231383445,1.060997675,172.0127257,0.035681038,0.044328718,0.08340604,0.023538292
ORNL,ORNL_045,57,4,2.836426248,2.174289434,2.174289434,0.827749507,200.6707255,0.052267955,0.030441041,0.046054308,0.06975104
ORNL,ORNL_049,69,3,2.783642096,1.93728056,1.93728056,0.545640179,236.5046043,0.038448822,0.057815849,0.053262858,0.039140542
ORNL,ORNL_052,48,6,3.896269671,2.777513778,2.777513778,1.597177568,229.3293942,0.012952082,0.023946969,0.030625679,0.032983477
ORNL,ORNL_053,78,12,5.331282508,5.331282508,5.020869417,1.03930864,204.0939075,0.029878777,0.102122607,0.051456433,0.067313107
ORNL,ORNL_054,24,2,1.545989517,1.545989517,1.115269752,1.213810451,86.68954308,0.053799406,0.037585336,0.023255574,0.040102444
ORNL,ORNL_056,49,6,4.794505212,3.278975089,2.677003407,0.750167552,196.7544904,0.112146378,0.029267044,0.04011075,0.010079118
ORNL,ORNL_057,49,8,3.846574818,3.544838162,2.126627655,0.921768692,140.9385873,0.059896604,0.033771133,0.04065395,0.087448178
ORNL,ORNL_058,39,5,3.594746977,2.601567596,2.22295605,2.111301686,215.4054078,0.021755472,0.052954803,0.048561068,0.053866191
ORNL,ORNL_061,14,6,4.508130512,2.6546871,2.6546871,0.64817213,227.0398853,0.019834113,0.033718824,0.024041894,0.042192036
ORNL,ORNL_062,10,2,1.160573037,1.160573037,1.160573037,0.147197709,7.688672046,0.0668407,0.081882049,0.022980808,0.074482155
ORNL,ORNL_063,81,8,6.545562778,3.890587338,3.237759934,0.600987458,146.449519,0.023684108,0.022467482,0.033738833,0.016606388
ORNL,ORNL_068,24,8,5.878615169,2.694018505,2.694018505,0.937387627,208.603193,0.017197022,0.078328525,0.070274297,0.047403582
OSBS,OSBS_002,24,1,1,1,1,0,0,0.015574706,0.04772627,0.007773634,0.042161626
OSBS,OSBS_003,58,1,1,1,1,0,0,0.021236467,0.108329357,0.025315605,0.046124194
OSBS,OSBS_004,17,1,1,1,1,0,0,0.0335324,0.034063569,0.010575582,0.039821284
OSBS,OSBS_005,17,1,1,1,1,0,0,0.016322611,0.043088168,0.024617358,0.023386203
OSBS,OSBS_007,38,1,1,1,1,0,0,0.039261111,0.036836345,0.019260839,0.023049644
OSBS,OSBS_008,58,2,1.780192197,1.469619079,1.237103655,0.058476697,5.228011114,0.04930971,0.022192704,0.018550346,0.041088513
OSBS,OSBS_010,61,3,1.759841857,1.759841857,1.759841857,0.539450917,162.733752,0.022517054,0.036771165,0.119361346,0.025376294
OSBS,OSBS_013,36,2,1.260350519,1.260350519,1.260350519,1.903416646,9.830720411,0.015155478,0.056691297,0.050505443,0.03637126
OSBS,OSBS_025,11,1,1,1,1,0,0,0.041130292,0.026992691,0.115204764,0.036581663
OSBS,OSBS_026,10,1,1,1,1,0,0,0.038376159,0.034249314,0.029924058,0.040004045
OSBS,OSBS_027,56,5,3.108158814,2.889392982,2.424573063,1.267244224,322.518623,0.05560688,0.012355843,0.024238649,0.023766388
OSBS,OSBS_028,29,2,1.77110056,1.345870375,1.345870375,0.341485484,44.01546256,0.026362224,0.054788788,0.01535769,0.013181938
OSBS,OSBS_029,47,1,1,1,1,0,0,0.014751275,0.050577167,0.010259173,0.018154556
OSBS,OSBS_030,10,1,1,1,1,0,0,0.032998136,0.048152644,0.019277158,0.008271828
OSBS,OSBS_031,10,1,1,1,1,0,0,0.030316781,0.012413609,0.020513327,0.023109816
OSBS,OSBS_032,10,1,1,1,1,0,0,0.011863376,0.011835678,0.037726423,0.02327388
OSBS,OSBS_033,51,2,2,1.303675273,1.303675273,1.022075853,8.203485521,0.030133166,0.055692225,0.057104586,0.02820101
OSBS,OSBS_034,57,3,2.652662447,1.487685814,1.349451309,0.426490797,81.45062481,0.026609958,0.036285354,0.039935482,0.06376688
OSBS,OSBS_035,11,2,2,1.545220231,1.254726065,0.134267536,8.574423475,0.02430574,0.013304252,0.009543604,0.026070452
OSBS,OSBS_036,10,1,1,1,1,0,0,0.034793964,0.007276429,0.037999822,0.033344145
OSBS,OSBS_038,40,2,2,1.137344032,1.137344032,0.121210305,0.991674944,0.048480563,0.040238236,0.020509233,0.058394076
OSBS,OSBS_039,27,3,2.085493886,1.686942592,1.184919281,1.606193718,42.04333116,0.012006156,0.012997629,0.019277451,0.054571568
OSBS,OSBS_040,14,2,1.224669286,1.224669286,1.025864044,0.039746004,14.83143986,0.017299082,0.027201406,0.034001869,0.020106739
OSBS,OSBS_042,53,2,1.557091775,1.557091775,1.179798822,0.144464044,84.83525367,0.099729638,0.057705848,0.019878145,0.047026307
OSBS,OSBS_043,58,4,4,2.470791544,1.893750276,1.108862303,86.74448895,0.011466067,0.011207836,0.042257769,0.037566064
OSBS,OSBS_044,36,1,1,1,1,0,0,0.014998085,0.031066579,0.024506359,0.045880794
OSBS,OSBS_048,21,3,1.890692797,1.890692797,1.739473561,0.751226002,38.57885126,0.091983099,0.048057124,0.063035488,0.025831968
OSBS,OSBS_063,22,2,2,1.754992241,1.754992241,0.026730851,174.0424624,0.074808157,0.013217943,0.060549957,0.072898425
OSBS,OSBS_067,41,1,1,1,1,0,0,0.049071665,0.00868453,0.02293884,0.02261844
RMNP,RMNP_001,70,4,3.092144003,3.092144003,2.862474324,1.075134451,272.5794777,0.051581464,0.041934146,0.030950934,0.024617076
RMNP,RMNP_002,10,3,2.374274756,1.784183836,1.595393466,1.031258271,243.1947728,0.042806783,0.03033357,0.024939448,0.04140616
RMNP,RMNP_003,65,3,2.606869926,2.606869926,1.634526684,1.407237815,168.1685343,0.031401738,0.023464267,0.05462422,0.01934111
RMNP,RMNP_004,31,2,1.26158963,1.226088422,1.120783106,0.062042165,59.2758982,0.014128056,0.005691173,0.016351263,0.051988326
RMNP,RMNP_005,54,4,2.926210237,1.852026248,1.852026248,0.260516583,139.2311945,0.032148571,0.053452269,0.026785814,0.049830531
RMNP,RMNP_006,49,3,1.960464402,1.960464402,1.960464402,1.150684864,194.0950745,0.031659908,0.043870766,0.041326689,0.024654466
RMNP,RMNP_007,45,4,3.528440434,3.310768332,2.180774482,0.47198849,238.4164451,0.054032006,0.032718543,0.043314839,0.035554002
RMNP,RMNP_008,41,5,3.325474755,3.074201795,3.074201795,0.651568042,119.5420576,0.0096379,0.065733256,0.031301139,0.024506388
RMNP,RMNP_009,48,4,3.593328692,2.077198959,2.077198959,1.161275447,108.9096683,0.040876167,0.067966322,0.036481407,0.04369755
RMNP,RMNP_011,46,3,2.552966757,2.552966757,2.424304263,0.451538338,42.11789957,0.043421987,0.081607277,0.026860553,0.092650795
RMNP,RMNP_012,17,2,1.361380134,1.361380134,1.141389176,0,9.624504478,0.099625726,0.030482688,0.097127645,0.047169879
RMNP,RMNP_013,30,4,2.709747258,1.348318815,1.348318815,0.622911575,91.38213543,0.031173264,0.015219003,0.010777844,0.101714704
RMNP,RMNP_014,59,3,3,1.947336218,1.144984269,0.186252614,135.651737,0.008679403,0.018203648,0.016435539,0.017222744
RMNP,RMNP_015,27,3,2.51582763,2.456081052,2.456081052,0.257008896,38.73364956,0.036591879,0.047025361,0.034483397,0.054969965
RMNP,RMNP_017,19,3,2.140434664,1.327870912,1.327870912,0.463338138,108.7620774,0.017313678,0.075117818,0.039410729,0.023630569
RMNP,RMNP_018,28,4,3.754088523,1.748750275,1.748750275,0.836165106,96.97626764,0.014497742,0.010991861,0.041179792,0.02424558
RMNP,RMNP_019,10,3,2.621224343,2.093939325,2.091412439,0.436027025,260.2329175,0.019694369,0.048400922,0.042647641,0.017988423
RMNP,RMNP_020,13,1,1,1,1,0,0,0.102355351,0.013586487,0.027128933,0.028937146
RMNP,RMNP_041,40,3,2.152351779,2.152351779,1.797016714,0.475724424,110.3780988,0.048979876,0.024540555,0.032798738,0.034621465
RMNP,RMNP_042,39,4,3.977292204,2.047343688,1.806678384,0.454024651,187.940028,0.020874428,0.021952954,0.025125748,0.036578621
RMNP,RMNP_043,31,3,2.805765607,2.672883352,1.219142193,0.674396163,1.549249144,0.02037047,0.013888352,0.020341644,0.024611539
RMNP,RMNP_044,26,8,4.441181257,2.648635411,2.648635411,0.770916841,349.7760975,0.032823784,0.010268507,0.069891977,0.055567193
RMNP,RMNP_045,57,1,1,1,1,0,0,0.020270938,0.090826284,0.016736411,0.02841837
RMNP,RMNP_046,49,5,3.361455039,2.98963071,2.031824291,0.576053126,41.53452653,0.028978736,0.073401685,0.033523321,0.023151432
RMNP,RMNP_047,57,4,3.188719821,3.188719821,3.188719821,0.405190178,134.6103751,0.025386377,0.007270093,0.016407415,0.024831206
RMNP,RMNP_048,52,6,4.472821297,3.424392932,2.632829071,0.986026242,127.4969639,0.102375928,0.0142127,0.059266885,0.010936929
RMNP,RMNP_049,56,4,3.838139506,2.358437996,2.358437996,0.80478577,303.6120977,0.018313471,0.037839493,0.083780035,0.037157831
SCBI,SCBI_010,60,9,5.944603305,5.282984743,4.435426121,1.419395609,293.9886863,0.062558782,0.100729574,0.045708696,0.027844688
SCBI,SCBI_045,30,7,4.330904048,4.330904048,3.419655497,0.701370302,163.6037436,0.094976574,0.029206586,0.066974978,0.11756131
SCBI,SCBI_047,61,8,3.961515295,3.961515295,3.961515295,1.083746793,321.9404437,0.075499316,0.028612639,0.023015509,0.143745497
SCBI,SCBI_048,33,6,4.127959997,3.053553037,3.053553037,0.759258648,215.8998545,0.051380459,0.053783069,0.056339384,0.072343013
SCBI,SCBI_049,51,7,4.65510696,3.689878704,3.687436172,1.313419034,143.1982538,0.086243639,0.028224218,0.075647796,0.025484694
SCBI,SCBI_050,49,9,4.543037342,3.979144981,3.979144981,0.930440402,167.092877,0.112822753,0.069461335,0.022288121,0.180677436
SCBI,SCBI_051,10,4,3.203738588,3.169958306,2.382180379,0.340222843,151.1814395,0.106101772,0.067294505,0.028509764,0.034068583
SCBI,SCBI_054,39,6,3.096364861,2.777897716,2.678032747,0.927190344,160.1196875,0.043262006,0.06330632,0.234320232,0.060212141
SCBI,SCBI_056,60,9,5.466997381,4.866596413,2.418892492,0.975172162,95.68845736,0.059417335,0.047546762,0.046623616,0.038202341
SCBI,SCBI_058,60,6,4.283564771,4.283564771,2.374701101,0.6437842,219.9083666,0.050744294,0.061253091,0.046996073,0.036895426
SCBI,SCBI_062,66,10,5.269868653,3.756055428,3.238327769,0.806153775,352,0.021418095,0.078531741,0.073500234,0.062496789
SCBI,SCBI_063,42,10,5.008750853,5.008750853,3.880140356,1.150808624,162.0901326,0.041085803,0.143569635,0.062838863,0.08814028
SCBI,SCBI_067,45,10,6.844353605,5.137266113,5.04442674,0.720038954,146.5221597,0.031376228,0.103957634,0.151708252,0.069627262
SCBI,SCBI_071,22,10,4.479896337,4.479896337,4.237698117,0.562325953,319.9095873,0.163112944,0.124522891,0.065528482,0.04270054
SERC,SERC_001,18,5,4.169608159,3.000212588,1.98145723,0.795683504,124.6174554,0.081705665,0.077281533,0.027665377,0.024209277
SERC,SERC_003,21,3,2.377880162,1.342253871,1.342253871,1.542623178,265.0138559,0.055525963,0.02150624,0.02463674,0.011063861
SERC,SERC_010,21,5,3.333999004,2.611421925,2.49016043,0.633756877,339.8478471,0.018893814,0.049284555,0.009789531,0.024365397
SERC,SERC_011,70,12,5.969041547,5.396616988,4.998484353,0.791534731,182.9096474,0.020962869,0.031034745,0.035343664,0.079885461
SERC,SERC_016,26,5,4.481902257,3.538904229,3.538904229,1.026047241,352,0.028497458,0.023582427,0.065739944,0.040800722
SERC,SERC_017,50,6,4.298453154,3.39072275,2.153801805,0.75605131,95.85546757,0.009641608,0.031126002,0.04505535,0.059061979
SERC,SERC_022,25,8,4.860178775,4.44628031,3.454535462,0.905934594,297.7338664,0.054163515,0.056323961,0.036606755,0.035142833
SERC,SERC_043,27,5,3.342909186,3.324894589,2.78474503,0.598954898,341.3261291,0.005951879,0.062464559,0.017630812,0.051998786
SERC,SERC_044,51,5,4.11550339,2.953236856,2.006565134,0.609736895,177.9625504,0.066294128,0.041099451,0.036900721,0.027660709
SERC,SERC_045,62,5,3.01176724,2.980127962,2.188263241,1.175035844,328.7174511,0.066821419,0.015037543,0.03705156,0.108572012
SERC,SERC_046,10,7,5.124941689,4.735962457,3.925213129,0.684050544,160.3809649,0.044170291,0.026841297,0.019196875,0.038455246
SERC,SERC_047,62,6,5.04682348,2.539926129,2.539926129,0.44101483,144.4715082,0.048302609,0.068412791,0.06420052,0.004765743
SERC,SERC_050,48,5,3.983798258,2.166994112,2.166994112,1.337534511,305.6444911,0.051431852,0.011896332,0.028958768,0.029566375
SERC,SERC_051,66,15,6.877531158,5.00421767,3.660804058,1.284770451,159.0958498,0.031778843,0.023339109,0.012804822,0.045796778
SERC,SERC_052,45,9,4.556451249,4.556451249,4.556451249,0.97699255,245.6340681,0.058144414,0.020861284,0.043021691,0.015871408
SERC,SERC_053,42,8,5.144179943,3.681306837,3.681306837,0.856500653,344.8596724,0.014866045,0.015927953,0.035108529,0.071459036
SERC,SERC_054,47,7,5.418046772,3.884346798,3.884346798,0.691209785,137.4726242,0.015299659,0.034093059,0.072890243,0.029387342
SERC,SERC_055,10,4,4,2.391917804,2.391917804,0.768596101,152.8510165,0.021117092,0.061475485,0.112909953,0.05788955
SERC,SERC_056,48,7,4.422397348,2.679166734,1.763412961,0.812428166,142.0193259,0.035032177,0.034078658,0.022475379,0.071571366
SERC,SERC_057,13,4,2.928852206,2.738280116,2.657982548,0.354354464,305.7979117,0.01824478,0.016968836,0.01858334,0.027772122
SERC,SERC_058,90,6,4.019423898,3.726067569,2.977332836,0.884374784,116.7818608,0.072702497,0.065460115,0.04628926,0.020349695
SERC,SERC_059,45,5,3.676879258,2.062955174,2.062955174,0.779822187,87.87686025,0.023006047,0.063069027,0.041208127,0.022440429
SERC,SERC_060,45,10,4.445753476,3.583882799,3.583882799,0.836577645,229.4208205,0.03373348,0.032735923,0.050340561,0.033912699
SERC,SERC_061,76,8,3.866871266,3.866871266,3.07993772,0.800743666,185.2311563,0.04031931,0.06484371,0.03121891,0.01317254
SERC,SERC_067,10,8,3.806521537,3.446564417,3.446564417,1.167769854,156.5630852,0.032903448,0.029782233,0.019356444,0.03479975
SERC,SERC_073,17,8,5.270617791,4.853596167,4.505089813,1.042284777,208.0061843,0.050489138,0.021473172,0.045016124,0.020028884
SOAP,SOAP_001,68,5,2.657752845,2.657752845,2.197929846,1.99169095,256.64806,0.034630493,0.030890972,0.053339873,0.019214143
SOAP,SOAP_002,42,3,2.716656195,1.402527518,1.402527518,0.405275526,36.54227616,0.025207659,0.055428471,0.014067661,0.05179896
SOAP,SOAP_009,33,7,5.313710478,4.205051039,2.690000201,0.804519221,311.4913796,0.009329979,0.030645113,0.038963911,0.051094939
SOAP,SOAP_011,52,3,2.697861978,1.6375101,1.6375101,0.901504309,43.99692183,0.041755099,0.03625317,0.026507482,0.100245227
SOAP,SOAP_015,72,6,3.351424412,2.953132181,2.746549324,1.502163795,81.1272616,0.056019485,0.091173972,0.073240282,0.088966232
SOAP,SOAP_020,30,2,1.169477416,1.169477416,1.169477416,0.066771115,1.347516186,0.010642044,0.023489312,0.063178535,0.04537921
SOAP,SOAP_021,26,4,3.212516588,2.052147592,2.052147592,0.848479189,96.62347639,0.023714036,0.037639384,0.027678212,0.017820361
SOAP,SOAP_031,31,3,2.303252842,2.157473377,1.757994703,0.352486589,41.9302655,0.01556851,0.039699688,0.018655057,0.025562557
SOAP,SOAP_043,80,3,2.391960098,1.651941344,1.651941344,0.195891327,7.269125773,0.020623904,0.177769372,0.022742015,0.021920585
SOAP,SOAP_044,32,3,3,1.758203143,1.758203143,0.458085649,56.33922154,0.03708666,0.025371202,0.093973382,0.024265523
SOAP,SOAP_045,38,5,3.208713693,3.17805973,3.17805973,0.519818108,119.1603154,0.040259768,0.018493269,0.019359287,0.021176318
SOAP,SOAP_046,23,4,3.153284577,2.068943173,1.468024771,0.480643697,45.52607381,0.036032434,0.028863343,0.045622356,0.043006235
SOAP,SOAP_047,34,3,2.347099365,2.069657733,1.962980441,0.143695106,41.137845,0.07334153,0.01797065,0.032785436,0.027616941
SOAP,SOAP_048,43,4,2.004268927,2.004268927,2.004268927,0.853367574,34.40473468,0.117420301,0.02012759,0.023511261,0.037454395
SOAP,SOAP_049,55,3,1.539008702,1.539008702,1.539008702,0.822635827,27.25699067,0.054310998,0.044727525,0.14026346,0.034419539
SOAP,SOAP_050,54,4,3.523073422,3.029458251,1.169598698,0.540038378,306.1428233,0.035416942,0.034186299,0.029570511,0.061904729
SOAP,SOAP_051,21,2,1.56470668,1.56470668,1.56470668,1.019568465,22.1786946,0.046279044,0.063252724,0.05231254,0.033388289
SOAP,SOAP_052,38,3,2.547654176,2.547654176,2.243488845,0.229554261,46.6069606,0.021671839,0.036336894,0.032455546,0.029112203
SOAP,SOAP_053,32,2,1.836549011,1.643276652,1.161817075,0.22423722,25.04406123,0.023774207,0.038071614,0.021037539,0.030671407
SOAP,SOAP_054,82,4,3.516562852,1.720384838,1.720384838,0.95925024,115.9213349,0.039770799,0.028238173,0.011990889,0.06174612
SOAP,SOAP_055,29,6,4.06202517,3.447795742,2.848408878,0.753134498,142.8881954,0.054906885,0.015723677,0.02321572,0.041718222
SOAP,SOAP_056,42,2,1.460593436,1.430433071,1.027153169,0.182333217,140.4915109,0.051217688,0.014334412,0.035863994,0.037874761
SOAP,SOAP_057,10,3,2.373684008,2.373684008,1.612830681,1.227401444,39.95230177,0.032477808,0.053118589,0.017788033,0.04558526
SOAP,SOAP_059,24,2,2,1.27116537,1.27116537,0.067628416,71.14720507,0.071664546,0.012043704,0.03284652,0.018156417
SOAP,SOAP_060,59,3,2.514507592,1.205762811,1.205762811,0.218542857,209.3744347,0.026877342,0.026150881,0.049030498,0.029901427
STEI,STEI_001,56,7,4.561852379,3.360030968,2.432201018,0.906889919,168.5888848,0.025198061,0.02323505,0.010300857,0.064079033
STEI,STEI_002,54,3,2.980740312,2.750653034,2.750653034,0.15281474,95.88353126,0.068133638,0.053831166,0.022716748,0.017722609
STEI,STEI_003,31,3,2.171883735,2.171883735,1.991378774,0.210886469,289.3296212,0.043300391,0.016467233,0.013158913,0.032126648
STEI,STEI_004,51,7,3.800960612,3.394639889,3.12543397,0.633971185,162.1299723,0.029105356,0.05816385,0.032595412,0.009740503
STEI,STEI_005,23,4,3.183360447,3.183360447,1.758884974,0.413577177,26.98713277,0.034972321,0.026243961,0.025897034,0.029939515
STEI,STEI_007,38,8,5.446247198,3.978012182,3.899684384,0.678287723,166.4536389,0.043700392,0.045205975,0.038696536,0.02284245
STEI,STEI_008,70,5,3.157674946,2.542575769,2.542575769,0.581864516,309.58114,0.050803225,0.043627504,0.017407201,0.017937768
STEI,STEI_009,52,8,4.818316466,3.774368181,3.145451948,1.048609,287.0370298,0.022503909,0.154809589,0.01665332,0.042834283
STEI,STEI_010,53,6,4.526507011,3.357242874,2.720406863,0.59795668,130.6179265,0.023491981,0.007346716,0.046171638,0.018970314
STEI,STEI_011,47,3,2.79591028,1.650019651,1.650019651,0.268209713,295.4574874,0.0194224,0.004414586,0.164762064,0.044226575
STEI,STEI_012,27,3,2.654971212,2.654971212,2.127802942,1.821155442,119.143252,0.088519773,0.027814745,0.026097387,0.089057355
STEI,STEI_013,10,3,2.715675454,2.090632418,1.263716292,0.320630741,46.11892381,0.020564695,0.017681965,0.038005493,0.029504859
STEI,STEI_014,49,4,3.513898863,1.893669587,1.886982327,0.219499653,102.6927619,0.026376895,0.019643813,0.05972258,0.013952101
STEI,STEI_015,39,6,3.202695204,2.991569744,2.991569744,0.835574013,341.8910693,0.013348767,0.024893426,0.04048002,0.082406412
STEI,STEI_017,25,2,1.308317025,1.308317025,1,0.97979424,0.602271306,0.03262966,0.081645179,0.019964837,0.054988531
STEI,STEI_019,50,7,5.903709737,1.921847218,1.921847218,0.734372099,98.42817309,0.020053123,0.016718591,0.028078893,0.023391254
STEI,STEI_046,14,5,3.519604672,3.519604672,3.519604672,0.578325919,129.9054249,0.052479632,0.027192483,0.045456784,0.009469345
STEI,STEI_047,45,4,3.399403017,2.189172678,2.189172678,0.531920482,30.66157969,0.044962845,0.027091884,0.01730125,0.016069177
STEI,STEI_048,50,7,3.117738076,2.436643594,2.436643594,0.764055319,352,0.017933636,0.012495202,0.023473666,0.015833338
STEI,STEI_049,49,7,4.366195473,3.2128124,3.2128124,0.845888044,210.8177026,0.025097797,0.058972755,0.016970474,0.051706969
STEI,STEI_050,46,5,3.987208815,3.175511367,2.477734641,0.411126626,352,0.034327296,0.024631402,0.018731693,0.034025816
STEI,STEI_051,49,4,2.184400048,2.184400048,2.184400048,1.578356105,166.0377908,0.041527765,0.060301221,0.03154453,0.024916818
STEI,STEI_052,49,7,4.566428845,4.492569929,4.258794783,0.59085157,309.8422904,0.007692458,0.013139486,0.033402762,0.029731634
STEI,STEI_053,36,5,3.188512114,3.188512114,1.99547763,0.859240701,323.5138709,0.02411309,0.017582573,0.023341277,0.018690456
STEI,STEI_054,43,5,3.347818161,3.347818161,1.546131967,0.493334944,89.16402927,0.009829068,0.014537546,0.033550573,0.03327136
STEI,STEI_055,14,3,2.778106159,2.605561833,1.931519742,1.351617852,18.08216955,0.019055911,0.01026315,0.033321515,0.052458578
STEI,STEI_056,14,4,2.457040567,2.457040567,2.457040567,0.769120752,135.6821005,0.039979708,0.038024729,0.04469487,0.038872923
STEI,STEI_057,59,7,3.861152433,3.621948681,2.649340729,0.93119798,339.7841081,0.018231838,0.015271052,0.025617994,0.021815843
STEI,STEI_058,10,4,3.933559277,3.393483393,3.037399,0.332359681,61.69216707,0.017473253,0.026621488,0.018009724,0.021198453
STEI,STEI_059,34,3,2.01545218,2.01545218,2.01545218,0.531253057,19.31314026,0.032760833,0.017744866,0.021270585,0.024377116
STEI,STEI_060,37,4,3.247718826,3.247718826,2.146356399,1.207677081,72.62376655,0.052410283,0.014386814,0.01260337,0.013841964
TALL,TALL_001,43,9,5.737386112,3.872290675,2.806920677,0.568592202,116.7839581,0.028556254,0.029015789,0.034377367,0.011876116
TALL,TALL_002,23,5,3.870225497,1.377644115,1.377644115,0.976554809,138.7169628,0.135343101,0.021997747,0.039222261,0.037329748
TALL,TALL_004,29,6,3.931950308,2.893388498,2.893388498,0.723558964,177.9214557,0.025710226,0.013025642,0.024372853,0.026269319
TALL,TALL_007,92,6,4.182875212,3.967449043,3.271570631,2.14,65.34934661,0.022725365,0.052427468,0.019807972,0.027159685
TALL,TALL_008,46,3,3,2.632118143,1.882106092,0.752122258,35.27205055,0.101305472,0.010211249,0.033610356,0.005507913
TALL,TALL_009,10,3,2.166077277,1.695078916,1.23512986,0.437470289,71.37383439,0.035438009,0.036140402,0.066532922,0.141194881
TALL,TALL_011,31,6,4.049785273,3.565674253,3.048584235,0.677984684,197.6507816,0.095389972,0.027461904,0.035843752,0.039658419
TALL,TALL_015,35,6,3.978592206,3.293110207,2.524661809,0.828130667,257.02255,0.025265663,0.021079009,0.044117331,0.073798409
TALL,TALL_017,53,9,5.538349708,4.01579463,3.760276572,1.897614307,198.6393342,0.029661173,0.02432651,0.015599247,0.014498024
TALL,TALL_018,11,4,3.314391875,2.416572454,2.119957933,1.106182606,206.0826585,0.032723012,0.053670908,0.07406254,0.054691996
TALL,TALL_042,25,6,3.81666661,2.411918649,2.214441901,0.791549394,85.24823367,0.02114287,0.097496361,0.026663418,0.016328315
TALL,TALL_043,19,5,2.815343465,2.815343465,2.367043799,0.516527002,79.22638873,0.051429771,0.051104803,0.049530632,0.033111536
TALL,TALL_044,49,3,2.796203543,2.162685427,2.162685427,1.480582865,38.82565107,0.023355607,0.023387001,0.033406785,0.023908375
TALL,TALL_045,30,6,2.909506053,2.090626396,2.090626396,0.892705027,283.4835106,0.020685994,0.017323761,0.016391865,0.030939305
TALL,TALL_046,44,9,5.348139873,4.750252461,4.634962803,0.986985996,185.0570351,0.069270496,0.037471047,0.048549003,0.062417906
TALL,TALL_047,48,6,2.845230656,2.845230656,2.845230656,1.535977197,125.3901482,0.029419795,0.044543632,0.022852501,0.045132796
TALL,TALL_048,30,1,1,1,1,0,0,0.018588459,0.023796306,0.034666673,0.025725174
TALL,TALL_050,21,3,1.915005272,1.915005272,1.39934976,0.520913934,43.23893637,0.023706764,0.028302892,0.053007058,0.037526317
TALL,TALL_052,55,8,4.282193742,2.74636853,2.033724612,0.83199224,294.0339599,0.030801527,0.062747622,0.03647546,0.019563249
TALL,TALL_054,16,6,3.737504066,3.416226003,1.406992062,1.802294976,147.2377103,0.017945392,0.081286192,0.040911086,0.081685069
TALL,TALL_055,49,3,2.234320095,1.988195226,1.988195226,0.866556797,287.3481314,0.047020935,0.042416454,0.037935916,0.040251236
TALL,TALL_056,10,4,3.409034155,1.741180459,1.741180459,0.448257655,247.171431,0.034399685,0.014423208,0.084777965,0.065759561
TALL,TALL_058,60,5,3.883175143,2.647328624,2.647328624,0.300566819,352,0.014898725,0.045136931,0.048813713,0.054831231
TALL,TALL_060,33,4,3.060464017,2.342849686,1.816412542,0.377844623,72.67560111,0.024049459,0.102117727,0.015043194,0.016809224
TALL,TALL_061,67,3,2.413777379,2.413777379,2.107137234,0.477724764,38.94308309,0.041166274,0.039089435,0.06342813,0.014026196
TEAK,TEAK_002,41,4,3.967417494,3.439507574,1.6048171,,42.59322597,0.006587524,0.010377676,,0.084080062
TEAK,TEAK_003,10,5,3.723769385,2.69681106,2.69681106,0.234732146,128.0705073,0.04036957,0.038877604,0.03139118,0.050738188
TEAK,TEAK_012,26,4,2.753971462,1.32084815,1.32084815,0.410206736,44.32030331,0.015850324,0.022234948,0.048889336,0.055476961
TEAK,TEAK_013,54,9,6.192804461,4.803508345,3.595119445,0.94446736,317.3927614,0.029793178,0.020182656,0.040971984,0.009692488
TEAK,TEAK_015,34,3,1.905161771,1.78065036,1.403606352,0.531115796,216.8676437,0.027475779,0.038628479,0.023778567,0.029622934
TEAK,TEAK_017,41,3,2.344253974,1.430230554,1.1560725,0.598406922,278.5041861,0.039746517,0.049429044,0.097264778,0.029971152
TEAK,TEAK_019,50,4,2.837233884,2.606487798,1.955083258,0.779870584,143.2239451,0.012871667,0.049719274,0.023957302,0.032161897
TEAK,TEAK_020,10,4,2.500342644,2.500342644,1.707048567,0.838156057,107.7378304,0.042133553,0.025604966,0.046785838,0.059998248
TEAK,TEAK_043,20,5,2.8819839,2.124173627,2.124173627,0.437814692,271.303305,0.047599943,0.05190125,0.11166491,0.022385804
TEAK,TEAK_044,17,3,1.804739041,1.804739041,1.804739041,0.35844664,84.39665729,0.035857359,0.02790199,0.026903009,0.046455105
TEAK,TEAK_045,53,5,3.680884505,3.680884505,2.251857958,1.155531279,136.5516389,0.038727164,0.057896875,0.028867774,0.03120497
TEAK,TEAK_046,36,4,3.26201943,2.584005813,2.089946197,1.431063666,290.3852366,0.059113012,0.041083024,0.028132029,0.095180137
TEAK,TEAK_047,13,6,5.093565008,2.650250795,1.76935073,0.62651685,175.0738633,0.004568684,0.048783019,0.034469903,0.051658765
TEAK,TEAK_048,30,3,2.567597092,2.255097417,2.255097417,0.856648669,139.8725577,0.018806203,0.038536522,0.031200946,0.044467324
TEAK,TEAK_049,36,1,1,1,1,,0,0.020005009,0.042604856,,0.064884587
TEAK,TEAK_050,31,5,2.961838814,2.831353166,2.831353166,0.679886492,105.2438653,0.04306144,0.029964746,0.067833181,0.012598275
TEAK,TEAK_051,30,2,1.391959897,1.391959897,1.199225801,0.029303713,32.64256717,0.020319163,0.030854917,0.024764209,0.021095569
TEAK,TEAK_052,67,6,3.094156886,2.491058772,2.491058772,0.83556822,268.9729594,0.069298908,0.041166794,0.04098322,0.012080288
TEAK,TEAK_053,39,3,2.47610344,1.730756004,1.4712594,0.246085799,206.622331,0.047966716,0.044675446,0.049608949,0.018282464
TEAK,TEAK_054,36,4,3.530121839,2.720829531,2.698097014,1.456563287,110.3646882,0.029686651,0.066215357,0.006347098,0.025158872
TEAK,TEAK_055,40,3,2.537744281,1.796454331,1.796454331,,243.1540282,0.011896694,0.027958237,,0.023202357
TEAK,TEAK_056,24,4,2.739839468,2.739839468,2.739839468,0.518411653,112.7330043,0.031722732,0.013417512,0.025768755,0.019420252
TEAK,TEAK_057,60,3,2.848401144,2.4240405,1.617513296,1.192502721,73.84259612,0.043047659,0.017873197,0.049074289,0.01108945
TEAK,TEAK_059,33,3,2.905878392,2.124053051,1.988440725,1.15115737,12.8893233,0.033648835,0.019578748,0.028969915,0.049393119
TEAK,TEAK_060,17,3,2.424182553,2.38593221,1.375591231,0.663995587,200.7109939,0.112621472,0.089446455,0.0181607,0.0357497
TEAK,TEAK_061,49,5,3.258915688,2.828259895,2.828259895,0.990159542,302.0940796,0.043208697,0.03331415,0.043141947,0.033650085
TEAK,TEAK_062,20,6,3.81784054,3.076237753,3.076237753,1.052652631,315.1847009,0.074015547,0.021772258,0.071070181,0.030300947
TREE,TREE_001,18,1,1,1,1,0,0,0.026336654,0.02401076,0.013676255,0.012425388
TREE,TREE_002,10,3,2.143150712,2.006578749,1.859734629,0.219284982,208.8356105,0.011918477,0.092478437,0.026314296,0.014347757
TREE,TREE_003,10,3,2.724289593,2.724289593,1.155805816,0.461452239,275.1576709,0.017545513,0.021467726,0.039491125,0.05602084
TREE,TREE_004,37,6,3.944978863,3.944978863,1.739733983,0.998656492,130.6801676,0.062717744,0.034605348,0.033057648,0.02920393
TREE,TREE_009,10,2,1.279825023,1.01542421,1.01542421,0.459613656,75.18140095,0.021082018,0.011915844,0.020889769,0.013317124
TREE,TREE_010,30,7,5.534362501,3.37408756,3.37408756,0.651442513,262.9530765,0.037669664,0.031920805,0.074081481,0.00890237
TREE,TREE_012,47,4,2.992552397,2.992552397,1.874424041,1.159498437,139.8042671,0.020894849,0.018247294,0.013932321,0.02424213
TREE,TREE_015,38,3,2.861298002,2.253520203,2.253520203,0.442288669,123.8192194,0.036647037,0.026265015,0.023261084,0.009325239
TREE,TREE_016,42,5,3.825454931,2.95650754,2.95650754,0.638139442,85.87461697,0.013054483,0.022691888,0.043654763,0.051295308
TREE,TREE_019,19,4,3.762479993,1.572503903,1.445117933,0.665963018,210.079057,0.010325129,0.012868243,0.031971067,0.006986177
TREE,TREE_025,10,3,2.989310491,1.445081701,1.445081701,1.222715292,0.650300871,0.02565949,0.01516007,0.06591503,0.02690149
TREE,TREE_039,54,3,2.914494701,2.437369369,1.25368916,0.505857105,301.9457094,0.028195136,0.039595021,0.026816136,0.045734768
TREE,TREE_040,35,5,4.255108684,2.3119528,2.3119528,0.409169141,122.0362487,0.019702958,0.031978886,0.018046471,0.081053834
TREE,TREE_041,18,6,2.451677015,2.451677015,2.451677015,1.069734558,122.259623,0.069475959,0.061118081,0.016209738,0.041279435
TREE,TREE_042,53,3,1.772853806,1.656970088,1.458597776,0.58226379,141.9129829,0.021728066,0.026959398,0.0062078,0.042856512
TREE,TREE_043,47,5,3.218905548,2.63860682,2.50590845,1.714564455,231.1013557,0.005427656,0.019065954,0.031994106,0.057594583
TREE,TREE_044,10,5,3.676943685,3.069542113,3.069542113,0.525362183,317.1039135,0.021958459,0.004315742,0.047680416,0.011331626
TREE,TREE_045,28,2,1.665736759,1.050108005,1.050108005,0.496140116,119.9988159,0.039279568,0.03375165,0.014488589,0.026953541
TREE,TREE_046,43,4,3.973757803,3.028228344,1.86106621,0.412473489,174.7785032,0.047205214,0.014232241,0.030806886,0.008757151
TREE,TREE_048,35,5,4.875751598,3.618927823,2.527635189,0.497869123,49.28272326,0.050207483,0.028549256,0.015361274,0.026145292
TREE,TREE_049,17,4,2.36303884,1.898321936,1.898321936,0.76030651,328.8494981,0.038401832,0.014669728,0.020822392,0.04402231
TREE,TREE_050,56,8,4.790173294,4.790173294,4.790173294,1.064963369,204.9115709,0.028267244,0.056861738,0.017090249,0.067151416
TREE,TREE_051,10,4,2.360745449,1.939588238,1.939588238,0.782655153,28.24307254,0.019929312,0.032080009,0.06928279,0.021989006
TREE,TREE_052,14,4,3.506877295,3.506877295,1.139973766,0.850659205,134.5252699,0.012908846,0.013615858,0.015850253,0.022741652
TREE,TREE_053,73,5,3.807515731,3.17115853,2.107782976,0.995362888,171.1223012,0.050855665,0.049107154,0.020591198,0.026132241
TREE,TREE_054,35,4,3.013269215,2.099217267,1.944505655,1.472657447,258.9070151,0.023952375,0.039779533,0.027144645,0.060017448
TREE,TREE_055,34,4,3.542133582,2.522906478,1.722156291,0.931579329,274.810714,0.022740501,0.109988554,0.022828777,0.006475132
TREE,TREE_056,39,8,3.421781938,3.421781938,3.421781938,0.848948737,157.7230776,0.03346802,0.017671509,0.019608649,0.036398145
TREE,TREE_057,56,7,5.129732489,4.692467011,3.570292781,1.014189927,162.8746365,0.061767757,0.036002069,0.015466309,0.024337474
TREE,TREE_060,26,4,2.792573896,2.19391299,2.19391299,0.438783825,42.09034934,0.071480996,0.026047775,0.079197582,0.055315465
TREE,TREE_062,24,4,2.475751419,1.927646737,1.927646737,1.46941022,96.90376716,0.030208749,0.010185284,0.029303267,0.026398181
TREE,TREE_063,52,8,5.805621028,5.562865203,2.606673511,0.996912805,170.2225025,0.018987146,0.02279313,0.068957634,0.014347035
UKFS,UKFS_003,17,4,2.86342207,2.632079637,2.632079637,1.439520818,283.4694242,0.048454427,0.034921639,0.030980403,0.046186075
UKFS,UKFS_006,40,4,3.464334992,2.979608259,2.900242662,0.891433681,177.9937667,0.071389102,0.076389715,0.041399823,0.015311461
UKFS,UKFS_007,48,8,3.966635116,3.206141725,3.013196697,0.897093406,132.7910029,0.020307903,0.024343982,0.027062383,0.040552834
UKFS,UKFS_010,60,8,3.712728252,3.712728252,3.596750642,0.98278863,144.66322,0.032969852,0.007454109,0.066254664,0.027225468
UKFS,UKFS_015,59,7,4.35365322,3.570714883,2.963735886,0.717108229,303.8306051,0.013025659,0.068134539,0.052468525,0.038489798
UKFS,UKFS_019,49,3,2.0525415,1.808191408,1.808191408,0.460206302,136.6032819,0.01341229,0.064780856,0.049696573,0.055384243
UKFS,UKFS_031,53,2,1.876103741,1.23415333,1.23415333,0.046582263,81.86953335,0.014981708,0.025781415,0.01372806,0.031101656
UKFS,UKFS_032,40,8,4.330923681,3.723283017,3.723283017,0.902951582,352,0.051879575,0.043089443,0.035566682,0.04330663
UKFS,UKFS_043,43,7,3.668954221,3.354376056,3.354376056,1.844766096,274.5914845,0.138679936,0.048628518,0.035567661,0.023078249
UKFS,UKFS_044,29,6,3.977475451,3.338918062,2.442879629,0.406427942,74.05566591,0.062080732,0.029571252,0.07356833,0.039429463
UKFS,UKFS_045,53,8,3.963315192,2.684432428,2.684432428,0.98878959,253.421266,0.015681356,0.023690728,0.052009183,0.04422378
UKFS,UKFS_046,44,7,3.939095396,2.061577324,2.061577324,0.848115549,176.5377328,0.044365172,0.042932521,0.046703146,0.052617035
UKFS,UKFS_047,10,6,4.600765823,4.103260547,2.318319197,1.165861373,125.090925,0.036754205,0.044964924,0.024480097,0.019444746
UKFS,UKFS_048,46,7,4.105420432,3.71680943,2.485797932,1.231697737,184.1737326,0.040967726,0.029179119,0.037481304,0.020863036
UKFS,UKFS_049,22,8,3.399844816,3.399844816,2.877187037,0.999716222,328.0415562,0.050300549,0.067320888,0.064539898,0.16239206
UKFS,UKFS_050,84,9,5.500674697,3.402543605,3.402543605,0.868711453,186.4982522,0.023218855,0.025431603,0.02255104,0.013535133
UKFS,UKFS_051,42,9,5.881766177,3.187939964,3.187939964,0.760855892,187.7835628,0.045396676,0.04455452,0.008813246,0.02558262
UKFS,UKFS_052,26,8,4.596015636,2.831512597,2.831512597,0.783082962,108.8774157,0.06782172,0.036748535,0.023098261,0.02764096
UKFS,UKFS_053,30,4,2.465982548,2.212092016,2.15313218,0.858096296,122.3893515,0.02109051,0.027228137,0.017947734,0.049160556
UKFS,UKFS_054,33,12,5.657125906,5.257223187,5.023360554,1.056961215,192.6654023,0.016522138,0.054675015,0.074323779,0.024519774
UKFS,UKFS_055,45,4,2.763223941,2.633142249,1.561596604,0.617146066,88.35797105,0.015483035,0.032317176,0.030446351,0.042678992
UKFS,UKFS_056,69,4,2.876146149,2.876146149,2.292434102,0.726125804,165.4611911,0.028816793,0.04989236,0.021162889,0.019856025
UKFS,UKFS_057,37,6,2.510640782,2.510640782,2.510640782,0.619377973,143.4120339,0.060688808,0.027252338,0.032452477,0.03135013
UKFS,UKFS_058,40,9,6.840723561,5.14370055,4.125156465,0.812494284,197.3131175,0.042000069,0.02916891,0.022025943,0.019562375
UKFS,UKFS_059,52,6,5.118355531,3.367510569,2.932599426,0.996058443,215.5364355,0.008779305,0.029241965,0.07124815,0.079047255
UKFS,UKFS_060,81,7,3.371189374,3.371189374,2.267349411,0.646151806,181.5756982,0.014931899,0.012305793,0.024423398,0.007459646
UNDE,UNDE_001,91,4,3.020997519,2.147108472,1.584884416,0.801216276,145.4652308,0.008097413,0.043160793,0.049736177,0.063737056
UNDE,UNDE_002,63,9,5.09347058,3.347986289,2.622019383,0.654648749,151.0990371,0.0179414,0.070438636,0.017844833,0.085115571
UNDE,UNDE_006,48,10,5.612108659,5.612108659,4.185068811,1.168246592,256.3927923,0.021061819,0.018318224,0.032852135,0.019394486
UNDE,UNDE_007,50,10,5.428880951,5.215703721,4.386057805,0.886675351,166.7058412,0.009226425,0.008828351,0.046983918,0.027725746
UNDE,UNDE_008,46,7,5.585172718,3.304486892,2.594866796,1.08653358,115.5661858,0.076055888,0.021805581,0.019638727,0.020835288
UNDE,UNDE_010,28,8,3.823964481,3.529796889,3.529796889,0.671452408,160.6968229,0.020788109,0.019290451,0.020180079,0.028442022
UNDE,UNDE_011,45,6,2.784215828,2.463849808,2.463849808,1.403978255,290.8920748,0.013959697,0.031564812,0.019139282,0.025989473
UNDE,UNDE_012,70,10,5.684214864,4.748339342,4.630286144,0.778204902,165.7689438,0.024125727,0.036671579,0.025667402,0.046706338
UNDE,UNDE_013,41,5,3.421374153,2.018657359,2.018657359,0.842732646,320.2456093,0.051346848,0.012258186,0.022688412,0.020407127
UNDE,UNDE_015,44,5,4.458504151,2.555293877,2.555293877,0.662552742,323.8398411,0.016854431,0.028188212,0.026859951,0.029157917
UNDE,UNDE_037,54,5,4.632203541,2.634824882,2.126421868,0.591377949,202.1487995,0.005758373,0.024009991,0.028417555,0.041363076
UNDE,UNDE_038,43,4,3.392765461,2.310041506,2.310041506,0.193737816,252.0993055,0.04903026,0.063378309,0.053748992,0.029958554
UNDE,UNDE_043,45,6,4.438892535,3.180725084,2.472201106,0.527242587,282.4818251,0.040960854,0.073205356,0.020689195,0.066177263
UNDE,UNDE_044,30,6,4.041996441,3.048338827,2.624867671,0.758816605,59.75775195,0.031117602,0.033742592,0.03869993,0.030784791
UNDE,UNDE_045,41,9,5.69692101,4.122853001,3.603629346,0.96515667,128.5645913,0.035560818,0.017624463,0.02278755,0.036663213
UNDE,UNDE_047,10,4,3.107390953,1.935076346,1.935076346,0.390793925,134.1848815,0.013793278,0.090492853,0.023645372,0.020747757
UNDE,UNDE_048,42,4,3.49533398,2.103422533,2.103422533,0.423307865,233.6655884,0.012234204,0.050867552,0.033284192,0.054218965
UNDE,UNDE_049,41,5,4.35800337,3.062499473,2.047812765,0.564656058,292.1752647,0.008756402,0.056709219,0.039084726,0.020619172
UNDE,UNDE_050,50,9,5.544380449,4.560119244,4.560119244,0.941212156,156.7899129,0.051454589,0.014020954,0.039473352,0.018000344
UNDE,UNDE_052,11,10,4.87132111,4.87132111,2.799457565,0.671416586,352,0.032081078,0.028855206,0.071991571,0.028518457
UNDE,UNDE_054,76,4,3.871250928,2.161383566,1.95607185,0.266309278,257.4891485,0.044210007,0.046376439,0.050841169,0.049162748
UNDE,UNDE_055,28,4,2.24499711,2.24499711,1.337057343,0.586980592,44.45713684,0.057120373,0.014998459,0.01853282,0.017856701
UNDE,UNDE_056,10,4,1.915768971,1.915768971,1.915768971,0.809156345,338.7657604,0.126865692,0.014820055,0.026092741,0.029781895
UNDE,UNDE_057,52,3,2.872177155,2.339417479,1.97645782,1.167965787,10.78621283,0.023125118,0.042333581,0.033237049,0.021762823
UNDE,UNDE_058,10,5,3.827807382,3.827807382,2.393384173,0.652366441,126.9493341,0.009463713,0.02280108,0.047963178,0.019247444
UNDE,UNDE_059,69,3,2.69930957,2.162077825,1.705166875,0.212450607,189.7582538,0.028708111,0.008166174,0.020276762,0.025209404
UNDE,UNDE_060,31,6,3.573645088,3.573645088,3.358634811,0.779014533,182.5976425,0.029015731,0.01756997,0.013552488,0.034052314
UNDE,UNDE_061,12,6,3.11277785,2.600816395,2.543486954,0.591901552,352,0.027519228,0.040321575,0.026030035,0.033788135
UNDE,UNDE_065,28,2,1.326972202,1.268664171,1.14740108,0.747218829,14.05523418,0.029492951,0.030998131,0.08710013,0.032363332
UNDE,UNDE_078,15,5,3.911379036,3.066127449,1.980231632,0.749256427,34.24638957,0.084273861,0.018183216,0.022960277,0.022212588
WREF,WREF_001,66,5,4.004712205,2.586381484,2.586381484,0.472059967,152.2637478,0.019262018,0.036635902,0.025655849,0.03085859
WREF,WREF_002,46,5,3.410669747,2.028117921,2.028117921,0.450896875,37.93569832,0.047956725,0.042449025,0.027187493,0.026031736
WREF,WREF_003,10,4,2.779846089,2.456371736,2.217631579,0.313305716,231.8099018,0.033613054,0.015757793,0.02100272,0.011785809
WREF,WREF_004,49,2,1.85179305,1.129296117,1.129296117,0.085337049,112.6905334,0.023172071,0.017917229,0.020188036,0.008837975
WREF,WREF_005,23,4,2.585326454,2.343048312,1.746177857,0.554444857,221.6999842,0.020348687,0.03217564,0.021176225,0.045646792
WREF,WREF_007,76,5,3.59845668,3.195908409,2.219848318,0.447802793,145.799472,0.004369093,0.031985176,0.04334426,0.022490744
WREF,WREF_010,76,7,3.898705552,3.898705552,3.224688744,0.738178914,352,0.046712561,0.012745374,0.04338136,0.037300923
WREF,WREF_011,40,5,4.124445935,3.04002623,3.04002623,0.263080874,120.7970126,0.04223537,0.082178394,0.041314206,0.024781932
WREF,WREF_013,68,4,3.637393658,2.263866255,1.339254091,0.306377825,125.2836509,0.052080707,0.01281293,0.082918607,0.034646321
WREF,WREF_014,45,5,3.663539519,3.663539519,2.448283393,0.807203144,352,0.040436363,0.032607846,0.046800536,0.063169827
WREF,WREF_017,43,3,1.988796643,1.988796643,1.779991168,0.730472582,13.18189282,0.077468678,0.065305339,0.068113449,0.018559837
WREF,WREF_018,10,3,2.156350235,1.7775279,1.667901315,0.102933862,49.2856173,0.011907043,0.035917618,0.029641706,0.029030427
WREF,WREF_070,27,3,3,1.636081327,1.57815299,0.611529928,113.525614,0.016615013,0.076189173,0.024366785,0.050652419
WREF,WREF_071,11,5,3.420176137,2.716185586,2.600263967,0.505604537,37.73205186,0.02999955,0.012248382,0.012921477,0.034780402
WREF,WREF_072,40,2,1.910705114,1.777712639,1.035304486,0.066125198,120.736461,0.019024748,0.034782401,0.054222513,0.07318689
WREF,WREF_073,25,5,3.355428344,2.593977207,1.628845362,0.824867588,146.3039288,0.029294732,0.048480231,0.055455069,0.046359357
WREF,WREF_074,47,5,3.818723744,2.128215229,2.128215229,1.919556526,45.10555427,0.034727546,0.017549253,0.020670471,0.017541474
WREF,WREF_075,84,4,2.966007693,2.138422415,1.197968445,0.257203894,37.07783554,0.012926907,0.035186432,0.023182829,0.04993206
WREF,WREF_076,56,6,4.09622262,2.852501077,2.292636261,0.922618117,86.87798877,0.053670353,0.016246303,0.020385329,0.028638747
WREF,WREF_077,40,5,3.39562409,3.002553033,3.002553033,0.802219591,40.04388732,0.019669761,0.023941021,0.020049324,0.018442679
WREF,WREF_078,50,3,3,2.053024442,2.053024442,0.743315174,63.72281831,0.019459607,0.035841759,0.022170779,0.032982102
WREF,WREF_079,47,6,2.834119648,2.834119648,2.63923508,0.710176349,322.7324557,0.014947758,0.063903099,0.027466295,0.012202159
WREF,WREF_080,15,7,4.655403915,2.429727913,2.429727913,0.6393537,139.5698344,0.028896163,0.022566254,0.024655683,0.020497974
WREF,WREF_081,31,9,6.281290572,4.205288541,4.087669848,0.612833735,104.4949398,0.009820465,0.022196372,0.03815423,0.061585874
WREF,WREF_082,27,2,2,1.217320709,1.217320709,1.725569477,249.9320951,0.00856892,0.049497382,0.01369137,0.015932337
WREF,WREF_083,32,3,2.335481334,1.897321023,1.897321023,0.308472341,126.2433927,0.103366604,0.009201509,0.012797506,0.015909061
WREF,WREF_084,44,2,1.799718909,1.799718909,1.052815853,0.213847546,0.617328931,0.038746253,0.020899647,0.035734944,0.019990128
WREF,WREF_085,60,4,3.304921701,2.846241278,2.191338043,0.414483797,104.2602216,0.080174159,0.020530431,0.06695171,0.024150877
WREF,WREF_087,33,3,1.998572049,1.998572049,1.136908973,1.504454465,39.01561079,0.03853853,0.02245336,0.02848891,0.049677931
WREF,WREF_088,23,2,2,1.094497631,1.094497631,0.062652435,155.9387124,0.013886776,0.035713032,0.015185941,0.02637824
WREF,WREF_089,25,2,2,1.650366606,1.484168644,0.332762088,91.83660739,0.008103785,0.014085693,0.012724388,0.048018376
YELL,YELL_007,10,1,1,1,1,0,0,0.102418046,0.036633337,0.09898078,0.054390452
YELL,YELL_009,10,1,1,1,1,0,0,0.167411876,0.132829995,0.051542657,0.032773121
YELL,YELL_012,35,3,3,1.634752498,1.634752498,0.50354843,195.3413358,0.081754456,0.15666029,0.066608534,0.02178347
YELL,YELL_020,18,1,1,1,1,0,0,0.012977303,0.076080038,0.012016582,0.033919663
YELL,YELL_021,10,1,1,1,1,0,0,0.075101964,0.14636235,0.110438357,0.137474634
YELL,YELL_022,23,2,1.720651889,1.159509218,1.159509218,0.521549751,76.05037764,0.028115445,0.030193914,0.056547212,0.045982596
YELL,YELL_044,41,2,1.64933901,1.211941524,1.137709861,0.345450611,0.705325153,0.054751907,0.129768923,0.01409067,0.043148401
YELL,YELL_045,10,2,1.817580589,1.321315288,1.138019058,0.055832908,31.82634416,0.045504512,0.039355313,0.088153838,0.062200432
YELL,YELL_047,36,1,1,1,1,0,0,0.053682381,0.059866964,0.071793546,0.06427001
YELL,YELL_048,13,1,1,1,1,0,0,0.05343844,0.031076427,0.066267174,0.02802419
YELL,YELL_052,61,2,2,1.881391688,1.196950072,0.093158219,1.593148678,0.11117888,0.034329654,0.143111963,0.152456412
YELL,YELL_054,38,2,2,1.01117688,1.01117688,0.293366576,167.7028216,0.066727177,0.025198232,0.045570765,0.047063009
YELL,YELL_055,16,1,1,1,1,0,0,0.035721363,0.02174815,0.042685363,0.030667408
YELL,YELL_057,41,3,2.522350464,2.119843484,1.988241635,0.453765951,283.4157848,0.007650417,0.048999333,0.025681,0.0466528
YELL,YELL_058,10,1,1,1,1,0,0,0.076370425,0.015138352,0.055504506,0.02336258
YELL,YELL_059,28,1,1,1,1,0,0,0.027195408,0.015758728,0.051007053,0.175830822
